Name,Email,Website,Location
"Prov.net","","https://prov.net/","304 Carpenter St, Providence, RI 02909"
"Provide","","",""
"First Response Home Watch Pros","","https://frhomewatch.com/",""
"Providence Home Medical Equipment - Portland","","https://www.providence.org/locations/or/home-medical-equipment-portland?ls=location&y_source=1_OTU3NjM1MC03MTUtbG9jYXRpb24ud2Vic2l0ZQ%3D%3D","6410 NE Halsey St, Portland, OR 97213"
"Provide A Ride","","http://www.providearide.com/","4299 Cranwood Pkwy, Cleveland, OH 44128"
"ProFocus Technology","","http://profocustechnology.com/","10200 SW Eastridge St #100, Portland, OR 97225"
"Providence Health Plaza","","https://www.providence.org/locations?ls=location&y_source=1_OTU3NjI5MC03MTUtbG9jYXRpb24ud2Vic2l0ZQ%3D%3D","4400 NE Halsey St, Portland, OR 97213"
"Providence Center for Outcomes Research and Education - Portland","","https://www.providence.org/locations/or/center-for-outcomes-research-and-education?Is=location&y_source=1_OTU3NjMzMS03MTUtbG9jYXRpb24ud2Vic2l0ZQ%3D%3D","4400 NE Halsey St Bldg 1, Suite 265, Portland, OR 97213"
"provide","","http://www.teamprovide.com/","1580 Logan St, Denver, CO 80203"
"Provide.net","","http://www.provide.net/","663 S Hewitt Rd, Ypsilanti, MI 48197"